{"acc_train_trend": [0.10995592948717949, 0.1556690705128205, 0.24619391025641027, 0.3384815705128205, 0.42175480769230766, 0.4928886217948718, 0.5542067307692308, 0.5989383012820513, 0.6322916666666667, 0.6599358974358974, 0.6900240384615385, 0.7063902243589744, 0.7228565705128205, 0.7399238782051282, 0.7514222756410256, 0.7633613782051282, 0.7751201923076924, 0.7830929487179488, 0.7919471153846154, 0.8007211538461538, 0.8114583333333333, 0.8160857371794872, 0.8225360576923076, 0.8270232371794872, 0.8358573717948717, 0.8373798076923077, 0.8433293269230769, 0.8463141025641026, 0.8504407051282051, 0.8571915064102564, 0.8557491987179487, 0.8615985576923076, 0.8653846153846154, 0.8694511217948718, 0.8681290064102564, 0.871854967948718, 0.8725761217948718, 0.8780248397435897, 0.87890625, 0.8795272435897435, 0.8846754807692307, 0.8884014423076924, 0.8871394230769231, 0.8871794871794871, 0.8896434294871794, 0.8922876602564103, 0.8936899038461539, 0.895292467948718, 0.8945112179487179, 0.8995192307692308], "loss_train_trend": [2.5771095373691657, 2.2514486991442166, 2.0354786573312222, 1.801573171065404, 1.5996402392020592, 1.425567360719045, 1.2638479770758213, 1.148532143005958, 1.057545187840095, 0.9799577758862422, 0.897556603871859, 0.8447686418508872, 0.8003002123954969, 0.7457337547571231, 0.7124200506852223, 0.6785943651046509, 0.6478792374714827, 0.6256016778640258, 0.5965679184748576, 0.5703727994973843, 0.5463303447533876, 0.5269347831224784, 0.5154842530305569, 0.4990816042973445, 0.47462385908151283, 0.46780726397648836, 0.45281845461099574, 0.44272249134687275, 0.43260071044548964, 0.4167275363054031, 0.4164645534677383, 0.3961171929652874, 0.3863720967219426, 0.37765637544485237, 0.38178167186486417, 0.3679450116860561, 0.368885912383214, 0.3580057885020207, 0.3486704012904412, 0.35195534794758526, 0.3294345988295017, 0.32800829337957577, 0.32935327536020526, 0.3288330600047723, 0.32057502021392187, 0.3158510624216153, 0.30695300644788986, 0.30389107060738096, 0.3088312017611968, 0.29364461986682355], "acc_test_trend": [0.11247996794871795, 0.18990384615384615, 0.31079727564102566, 0.27403846153846156, 0.42728365384615385, 0.48127003205128205, 0.5361578525641025, 0.5663060897435898, 0.5914463141025641, 0.6065705128205128, 0.6180889423076923, 0.596854967948718, 0.6596554487179487, 0.6172876602564102, 0.6643629807692307, 0.6888020833333334, 0.6801883012820513, 0.6528445512820513, 0.6185897435897436, 0.6807892628205128, 0.6724759615384616, 0.6730769230769231, 0.6799879807692307, 0.6484375, 0.6830929487179487, 0.6805889423076923, 0.6994190705128205, 0.6861979166666666, 0.6893028846153846, 0.6985176282051282, 0.6834935897435898, 0.6737780448717948, 0.7106370192307693, 0.6665665064102564, 0.7157451923076923, 0.6724759615384616, 0.6588541666666666, 0.6696714743589743, 0.6926081730769231, 0.7007211538461539, 0.6664663461538461, 0.698417467948718, 0.6743790064102564, 0.6813902243589743, 0.6810897435897436, 0.7081330128205128, 0.6645633012820513, 0.7080328525641025, 0.7052283653846154, 0.6941105769230769], "loss_test_trend": [2.4128510921429367, 2.2027685122612195, 1.9825021685698094, 2.698420839431958, 1.714689551255642, 1.5586481950221918, 1.3721737433702519, 1.264755979562417, 1.2452971308659284, 1.2610203157632778, 1.3139889607062707, 1.5391714985554035, 1.2855724852818708, 1.8844103369957361, 1.510044793287913, 1.5117223194012275, 1.4830319713323543, 1.677634494426923, 1.987011663424663, 1.7748234837483137, 1.5254956629031744, 1.6398976720296419, 1.6987156302500994, 1.9764404999904144, 2.049712052712074, 2.0335640769738417, 1.9513341983159382, 1.9485895954645598, 2.0247386457064214, 2.0843830612989573, 2.0501242600954495, 2.4451885253955155, 2.1496515350464063, 2.410940795372694, 2.079608460267385, 2.815341148620997, 2.901487695865142, 2.8073677328916697, 2.6595843709432163, 2.2024638744500966, 3.093789206101344, 2.6140012053342967, 3.0422634726915603, 2.6920930315286684, 2.767442469413464, 2.7220828991669874, 3.477142389004047, 2.631476486340547, 2.634013989032843, 3.072456936041514]}