{"acc_train_trend": [0.10512820512820513, 0.11704727564102564, 0.13956330128205127, 0.1685096153846154, 0.1953525641025641, 0.22313701923076923, 0.24026442307692308, 0.26282051282051283, 0.2835136217948718, 0.316005608974359, 0.34324919871794873, 0.37568108974358977, 0.4010416666666667, 0.4243389423076923, 0.4477764423076923, 0.47682291666666665, 0.5021834935897436, 0.5303886217948718, 0.5485376602564103, 0.5708733974358975, 0.5956730769230769, 0.6156850961538461, 0.6288060897435898, 0.6452524038461539, 0.6613581730769231, 0.6737179487179488, 0.6916065705128205, 0.6979166666666666, 0.7130208333333333, 0.7239383012820513, 0.7337740384615384, 0.7432692307692308, 0.7527443910256411, 0.766005608974359, 0.770332532051282, 0.7815304487179487, 0.7849959935897436, 0.7939302884615385, 0.8011818910256411, 0.8080929487179487, 0.8145032051282052, 0.8159655448717948, 0.8248597756410256, 0.8287059294871795, 0.8292067307692308, 0.8359575320512821, 0.8398036858974359, 0.842608173076923, 0.8500200320512821, 0.852323717948718], "loss_train_trend": [44.99179334395971, 2.293228856111184, 2.265076929483658, 2.2147713490021537, 2.1570706783196867, 2.1051469075374114, 2.060809125655737, 1.9980287625239446, 1.9417985644095983, 1.876740641777332, 1.8016272309498909, 1.7283752988546321, 1.6711640740052247, 1.6118844062854083, 1.5549789410371047, 1.476946392120459, 1.407980552697793, 1.334490313896766, 1.2808126657437056, 1.2253034272255041, 1.1556105028360317, 1.1001531912730291, 1.0559225777784984, 1.0104279907850118, 0.9626721255290203, 0.9276812058228713, 0.878040711237834, 0.8591774336802653, 0.8167058501488124, 0.7857280286458822, 0.7529631266227135, 0.7292234694346403, 0.6977278118714308, 0.6694374420703986, 0.6500855531447973, 0.6232174822917351, 0.6074262939202479, 0.5819737969300686, 0.5578603613070953, 0.5442426409476843, 0.5324783491018491, 0.5256997774044673, 0.49584715832502413, 0.48976458547971186, 0.4857642215796006, 0.4647630239908512, 0.45979971388975777, 0.4463726464372415, 0.42873840756141224, 0.42149453254846425], "acc_test_trend": [0.10166266025641026, 0.1505408653846154, 0.15474759615384615, 0.1853966346153846, 0.2088341346153846, 0.23046875, 0.19921875, 0.21294070512820512, 0.24138621794871795, 0.2975761217948718, 0.33353365384615385, 0.3870192307692308, 0.4221754807692308, 0.42578125, 0.48377403846153844, 0.4538261217948718, 0.4908854166666667, 0.5211338141025641, 0.5412660256410257, 0.5617988782051282, 0.5330528846153846, 0.5658052884615384, 0.6063701923076923, 0.5790264423076923, 0.5802283653846154, 0.5845352564102564, 0.5368589743589743, 0.5741185897435898, 0.5530849358974359, 0.5908453525641025, 0.6190905448717948, 0.610176282051282, 0.5985576923076923, 0.6238982371794872, 0.6032652243589743, 0.6119791666666666, 0.6153846153846154, 0.6394230769230769, 0.6533453525641025, 0.6608573717948718, 0.6502403846153846, 0.6411258012820513, 0.6734775641025641, 0.6215945512820513, 0.6557491987179487, 0.6607572115384616, 0.6409254807692307, 0.6507411858974359, 0.6529447115384616, 0.6302083333333334], "loss_test_trend": [2.3833683759738236, 2.3043171075674205, 2.25803411923922, 2.2322454880445433, 2.248872834902543, 2.2102826711459036, 2.588299158291939, 2.4711765356552906, 2.309221211152199, 2.1144965428572435, 2.091522528575017, 1.9775904248922298, 1.893262227376302, 1.8990754225315192, 1.7580411663422217, 2.033604464469812, 1.7187053622343602, 1.6251279604740632, 1.6821975646874843, 1.569230473958529, 1.7461185103807695, 1.4245832975094135, 1.4626228549541571, 1.3631754792653596, 1.3728156563563225, 1.4667674899101257, 1.6573683619499207, 1.6514097880094478, 1.7247052299670684, 1.8200185803266673, 1.5687413796400413, 1.674085734746395, 1.9050491666182494, 1.9364546094185267, 2.0247649550437927, 2.0934213873667593, 2.023625135421753, 2.0561563204496336, 2.120261222888262, 1.7516240691527343, 1.9945228818135383, 2.057412557112865, 1.9321143886981866, 2.45268685848285, 2.1984547116817574, 2.3141500048148327, 2.7420066044880795, 2.5456736103082314, 2.6242581590628014, 2.745464884317838]}