{"acc_train_trend": [0.41087999918311835, 0.5512999967336655, 0.6023199974298478, 0.6425400001406669, 0.6686400018930435, 0.6862600003480911, 0.7055800009965897, 0.717840001821518, 0.7301200004816055, 0.7365999994277954, 0.748200000166893, 0.7611199997663498, 0.7665000004768372, 0.7729599982500076, 0.7822199980020523, 0.787619997382164, 0.792259998202324, 0.7974399981498719, 0.8050999971628189, 0.8115999985933304, 0.8141399992704391, 0.8170799975395202, 0.8226599986553192, 0.8282199989557266, 0.8324399993419648, 0.8361199983358383, 0.8391999992132186, 0.8439999982118607, 0.8436399983167648, 0.8482799996137619, 0.8536399976015091, 0.8554199985265731, 0.8584599995613098, 0.8624600000381469, 0.8631999996900559, 0.8668799998760224, 0.8688600002527237, 0.8706200001239777, 0.8732400002479553, 0.8766800001859665, 0.8809000005722046, 0.8797399991750717, 0.8820000015497208, 0.8855200002193451, 0.8857000005245209, 0.8898400003910065, 0.8884999996423721, 0.8938599997758865, 0.8951400007009507, 0.8947399995326996], "loss_train_trend": [1.6085399551391601, 1.2566290135383607, 1.1168474978208542, 1.0164762270450591, 0.9459592801332474, 0.8916789782047272, 0.841057443022728, 0.8047877289056778, 0.7700298412442207, 0.7416945770978928, 0.7162141221761703, 0.6899458965659142, 0.6650478215813637, 0.6475333735346794, 0.6272324748635292, 0.6028650238513946, 0.5894386876225471, 0.575156265258789, 0.5565529039502144, 0.5370953871011734, 0.5284673062562942, 0.517034081876278, 0.5010254059433937, 0.48323382103443147, 0.4772506160736084, 0.4633060781955719, 0.45494536608457564, 0.44066980028152464, 0.43684509882330896, 0.4277905865609646, 0.4091639888882637, 0.4074798901975155, 0.39488217839598655, 0.38514826747775077, 0.38300665411353113, 0.377523035466671, 0.36685942676663397, 0.36233904108405113, 0.35268817690014836, 0.3503491114675999, 0.3353552449941635, 0.33653587263822554, 0.32838118724524973, 0.32213130977749826, 0.3184320965856314, 0.31117382472753524, 0.3126063561141491, 0.3009173205941916, 0.29782524216175077, 0.29296911831200123], "acc_test_trend": [0.5464999970793724, 0.6236999964714051, 0.6666000032424927, 0.6956000036001205, 0.7176999992132187, 0.7306000006198883, 0.7396000015735626, 0.7478999990224838, 0.7495999997854232, 0.7629000025987626, 0.7723999989032745, 0.7769999969005584, 0.7750999969244003, 0.7860999983549118, 0.793099998831749, 0.7831999999284744, 0.7882999962568283, 0.7947999960184098, 0.7968000012636185, 0.8018999975919724, 0.8009999984502792, 0.8092999976873397, 0.8048999977111816, 0.8122999984025955, 0.8066999995708466, 0.8059999996423721, 0.8104999983310699, 0.8111999982595444, 0.8099000000953674, 0.8072999984025955, 0.8177999991178513, 0.8160999983549118, 0.8144999980926514, 0.8159999978542328, 0.8177999943494797, 0.8136999976634979, 0.8175999957323075, 0.8188000005483628, 0.8154999977350235, 0.8194999986886978, 0.819899998307228, 0.8195999962091446, 0.818899998664856, 0.8165000003576278, 0.8205999976396561, 0.819899998307228, 0.8185000002384186, 0.8202999991178512, 0.8196000003814697, 0.8140999960899353], "loss_test_trend": [1.2658606195449829, 1.0664029359817504, 0.9503870350122452, 0.8758441573381424, 0.8247440886497498, 0.7887231945991516, 0.7609857788681984, 0.7386121755838394, 0.727434002161026, 0.6922051221132278, 0.6746257928013801, 0.6520267254114152, 0.6602374896407127, 0.642977991104126, 0.6211397460103035, 0.633555720448494, 0.6294322940707207, 0.6148067253828049, 0.6026858538389206, 0.601434266269207, 0.6131825944781304, 0.5984755784273148, 0.6022983607649803, 0.5973783931136132, 0.6103448954224586, 0.6122305795550347, 0.595791308581829, 0.6091404435038567, 0.6211754596233368, 0.6269477665424347, 0.6025395411252975, 0.6137022659182548, 0.6175658452510834, 0.6128851374983788, 0.6167043471336364, 0.6208286622166633, 0.6288772609829902, 0.6085212418437004, 0.6314712625741958, 0.6209696188569069, 0.6351635047793388, 0.6309032583236694, 0.6379388278722763, 0.6536169916391372, 0.6487707790732383, 0.643886206150055, 0.6618428960442543, 0.6645158535242081, 0.6602706623077392, 0.682461034655571]}