{"acc_train_trend": [0.7677450587606838, 0.9027276976495726, 0.9337606837606838, 0.9485343215811965, 0.9558460202991453, 0.9630408653846154, 0.9668302617521367, 0.9694177350427351, 0.9724225427350427, 0.9750100160256411, 0.9753104967948718, 0.9765291132478633, 0.9770799946581197, 0.9800347222222222, 0.9799178685897436, 0.9799512553418803, 0.981270032051282, 0.9814703525641025, 0.9813868856837606, 0.9839910523504274, 0.9827223557692307, 0.9831563835470085, 0.9847923344017094, 0.9844751602564102, 0.9854767628205128, 0.9858273237179487, 0.9861778846153846, 0.9857772435897436, 0.9869958600427351, 0.9870960202991453, 0.9870793269230769, 0.9873464209401709, 0.9862112713675214, 0.9877136752136753, 0.9879473824786325, 0.9884815705128205, 0.9882979433760684, 0.9884314903846154, 0.9886985844017094, 0.9884982638888888, 0.9892995459401709, 0.989082532051282, 0.9896167200854701, 0.9894664797008547, 0.9899839743589743, 0.989967280982906, 0.9903512286324786, 0.989700186965812, 0.9890157585470085, 0.9908687232905983, 0.9908854166666666, 0.9909521901709402, 0.9909688835470085, 0.9908353365384616, 0.9909855769230769, 0.9909188034188035, 0.9912359775641025, 0.9917534722222222, 0.9909354967948718, 0.9913695245726496, 0.9909521901709402, 0.9919704861111112, 0.9919704861111112, 0.9916032318376068, 0.9914029113247863, 0.9916366185897436, 0.9914529914529915, 0.9919871794871795, 0.9925380608974359, 0.9919037126068376, 0.991920405982906, 0.9926382211538461, 0.9919370993589743, 0.9924045138888888, 0.9926048344017094, 0.9924379006410257, 0.9928886217948718, 0.9921875, 0.9926716079059829, 0.9925213675213675, 0.9925547542735043, 0.9926382211538461, 0.9926382211538461, 0.9931223290598291, 0.9922208867521367, 0.9929220085470085, 0.9928051549145299, 0.9923544337606838, 0.9932892628205128, 0.9934895833333334, 0.9933727297008547, 0.9929553952991453, 0.9935730502136753, 0.9932558760683761, 0.9925380608974359, 0.9926549145299145, 0.9934061164529915, 0.9932558760683761, 0.9931223290598291, 0.9934895833333334], "loss_train_trend": [1.1412763578387408, 0.33705859178772724, 0.2247361671179533, 0.16878235779511622, 0.1460261662594146, 0.12228317553591397, 0.10874114975802855, 0.09973575529278232, 0.09073327370903367, 0.08246189128591591, 0.07953481140629086, 0.07748204686491886, 0.07345486707233179, 0.06540931871747419, 0.06229909163389532, 0.0646198184533407, 0.06127145770801884, 0.05973481696345804, 0.05943550189262262, 0.05217346746803353, 0.05571365750823981, 0.055099962772597544, 0.04736713513961553, 0.04851444047806923, 0.04624466852157608, 0.047372378448125946, 0.04299671330081143, 0.04455662625839309, 0.04131714353297089, 0.0406356257476118, 0.04131783233506756, 0.04195171212899383, 0.04489135147892568, 0.038926366564045856, 0.03853508175296498, 0.03691018840591769, 0.035470650018412105, 0.03798578470878444, 0.03505497771281322, 0.036162798986171966, 0.03524424920903825, 0.03487873560808446, 0.031168693558216685, 0.03215998042812635, 0.0309086078880208, 0.03129302044502625, 0.03156938494002966, 0.032854029004272145, 0.03441268477904215, 0.02985284980237867, 0.03019107846108439, 0.028838541907950852, 0.028167379454363328, 0.028878326162927036, 0.02830383909678438, 0.029589449229424022, 0.027696219971780494, 0.02647244875720972, 0.02826995230339563, 0.02737622430015854, 0.029728616013386257, 0.02441583354632996, 0.02480211637918503, 0.026788702327522538, 0.028372560606544733, 0.025784098098141778, 0.02618679186155291, 0.025054658256335526, 0.02355012149070375, 0.027450808527980847, 0.02674114633982443, 0.023084206723069656, 0.02561755399686721, 0.025747363585418126, 0.022993762687541226, 0.024485324804550533, 0.022571357291874452, 0.02481252411423786, 0.022281886472953382, 0.02292110039500072, 0.02344974438129518, 0.023210036123713446, 0.02307574524440155, 0.021489770913202387, 0.02447180894249223, 0.022895491816011814, 0.022298527258874302, 0.024508273825763625, 0.020703331450504188, 0.021515625035612697, 0.020402315900108655, 0.0215283641741074, 0.02123052102398595, 0.021540004585662416, 0.02459082947202621, 0.02221357366384063, 0.021302774819400645, 0.020577229054920165, 0.022411539891187653, 0.019671181133259632], "acc_test_trend": [0.3345352564102564, 0.5291466346153846, 0.6642628205128205, 0.7350761217948718, 0.8719951923076923, 0.8548677884615384, 0.9470152243589743, 0.9165665064102564, 0.9263822115384616, 0.9246794871794872, 0.9468149038461539, 0.961738782051282, 0.9547275641025641, 0.9574318910256411, 0.9586338141025641, 0.9632411858974359, 0.9475160256410257, 0.9554286858974359, 0.9635416666666666, 0.9658453525641025, 0.9630408653846154, 0.9501201923076923, 0.942207532051282, 0.9545272435897436, 0.9405048076923077, 0.9669471153846154, 0.9545272435897436, 0.9514222756410257, 0.9598357371794872, 0.9565304487179487, 0.9456129807692307, 0.9567307692307693, 0.9650440705128205, 0.9589342948717948, 0.9620392628205128, 0.9644431089743589, 0.9603365384615384, 0.9598357371794872, 0.9559294871794872, 0.9589342948717948, 0.9258814102564102, 0.9623397435897436, 0.9393028846153846, 0.9362980769230769, 0.9369991987179487, 0.9462139423076923, 0.9444110576923077, 0.9354967948717948, 0.9630408653846154, 0.9473157051282052, 0.9517227564102564, 0.9404046474358975, 0.9375, 0.9465144230769231, 0.9516225961538461, 0.9452123397435898, 0.9389022435897436, 0.9501201923076923, 0.9674479166666666, 0.9732572115384616, 0.9732572115384616, 0.9732572115384616, 0.9706530448717948, 0.9694511217948718, 0.9659455128205128, 0.9623397435897436, 0.9642427884615384, 0.9520232371794872, 0.9603365384615384, 0.9628405448717948, 0.9618389423076923, 0.9665464743589743, 0.9574318910256411, 0.9693509615384616, 0.9705528846153846, 0.9678485576923077, 0.9581330128205128, 0.9683493589743589, 0.9633413461538461, 0.9738581730769231, 0.9644431089743589, 0.9598357371794872, 0.9712540064102564, 0.9713541666666666, 0.9702524038461539, 0.9759615384615384, 0.9667467948717948, 0.9703525641025641, 0.9715544871794872, 0.9684495192307693, 0.9715544871794872, 0.9742588141025641, 0.9751602564102564, 0.9724559294871795, 0.9755608974358975, 0.9709535256410257, 0.9728565705128205, 0.9591346153846154, 0.9758613782051282, 0.9724559294871795],