{"acc_train_trend": [0.4129999985992909, 0.5546799973249436, 0.610099999666214, 0.6480200009346009, 0.6732400019168854, 0.6921800022125244, 0.7071600006818771, 0.7215800009965897, 0.7319800008535385, 0.7422199994325638, 0.7516199982166291, 0.7600599995851517, 0.7685799983739853, 0.7760199990272522, 0.7805399976968765, 0.7897199989557266, 0.7949599971771241, 0.8018999979496002, 0.8063599970340729, 0.8131399985551834, 0.8183399978876114, 0.8217599995136261, 0.8295399980545044, 0.8318399982452392, 0.8318599976301193, 0.8374999978542328, 0.8429999986886978, 0.8456999992132187, 0.8495799980163574, 0.8511999995708466, 0.8553999987840653, 0.8590999987125397, 0.8596199984550477, 0.8634799996614456, 0.8662799996137619, 0.8697199990749359, 0.8731400009393692, 0.8730400003194809, 0.8755400004386902, 0.8766200014352798, 0.8799800009727478, 0.8822799994945526, 0.8826799991130829, 0.8882600014209747, 0.8857599997520447, 0.8906200006008148, 0.8909200005531311, 0.893200000166893, 0.8960400013923645, 0.89634000146389], "loss_train_trend": [1.620110316991806, 1.2598333572149276, 1.1138328193426132, 1.0106067848205567, 0.9376442730426788, 0.8856502976417542, 0.8425833998918534, 0.8053955000638962, 0.7719254809617996, 0.7404039055109024, 0.7158123844265938, 0.6866864419579506, 0.6669026043415069, 0.6464293702244759, 0.6296521626114845, 0.6066504675745964, 0.5888659143447876, 0.5703451691269874, 0.5568659057021141, 0.5383605663776397, 0.5265508559942246, 0.5148104073405266, 0.49479871314764023, 0.48573611187934873, 0.4772863009572029, 0.4632819053530693, 0.447874833971262, 0.43961759939789774, 0.42934016439318656, 0.4226417151093483, 0.41390544733405116, 0.40064692464470864, 0.39862930157780646, 0.388176819562912, 0.3793207197189331, 0.3700087436437607, 0.36129943397641184, 0.35962298008799554, 0.3508672679364681, 0.3466671301424503, 0.33937602731585503, 0.330676244109869, 0.3303339136838913, 0.318315786242485, 0.3239959905743599, 0.31264540457725526, 0.30994190934300425, 0.30209072713553903, 0.2970891007483005, 0.2956283106803894], "acc_test_trend": [0.5419999977946282, 0.621099999845028, 0.6692000007629395, 0.700400002002716, 0.7164000022411346, 0.7312000012397766, 0.7382000005245208, 0.7536999994516372, 0.7617000013589859, 0.7697999989986419, 0.7714000010490417, 0.7787999957799911, 0.784899999499321, 0.7871999973058701, 0.7900999993085861, 0.7974999976158142, 0.7976999998092651, 0.8006999975442887, 0.8052999973297119, 0.803099998831749, 0.799099998474121, 0.807299997806549, 0.807599995136261, 0.8099999976158142, 0.8075999999046326, 0.8144000011682511, 0.8144999957084655, 0.818099998831749, 0.8183999979496002, 0.8112999993562698, 0.8088999992609024, 0.8168000000715255, 0.8168999987840653, 0.8197999978065491, 0.8208999991416931, 0.8200999975204468, 0.8181999957561493, 0.8236999958753586, 0.8226999950408935, 0.8284999960660935, 0.8180999970436096, 0.8249999976158142, 0.8248999977111816, 0.8212999963760376, 0.8267999982833862, 0.8267999994754791, 0.8221999990940094, 0.8188999968767167, 0.8267999964952469, 0.8233999997377396], "loss_test_trend": [1.2717525166273118, 1.0823384922742845, 0.9574610203504562, 0.8615555489063262, 0.8257872021198273, 0.778647956252098, 0.7530433434247971, 0.7256195318698883, 0.6956189605593681, 0.6726563468575477, 0.6704400649666786, 0.657285475730896, 0.6399628001451493, 0.6306747069954872, 0.6239123818278313, 0.6041067487001419, 0.6097107145190239, 0.6049979814887047, 0.5943265503644943, 0.6035645115375519, 0.6004054382443428, 0.587552878856659, 0.5935460212826729, 0.5953748047351837, 0.6038454902172089, 0.597032784819603, 0.5956624978780747, 0.5944630143046379, 0.5895685917139053, 0.6096962201595306, 0.6249852839112282, 0.6064320462942123, 0.6024235409498214, 0.61257483959198, 0.6073556634783744, 0.6059430742263794, 0.6132257011532783, 0.610167843401432, 0.6258398103713989, 0.6003183886408806, 0.6415675833821297, 0.6261389204859733, 0.6295629897713662, 0.6432505503296853, 0.6105097752809524, 0.6251688408851623, 0.6472965139150619, 0.6558462485671044, 0.6450983291864395, 0.6504785293340682]}