{"acc_train_trend": [0.7735376602564102, 0.9100727831196581, 0.9355134882478633, 0.9496026976495726, 0.9571481036324786, 0.9630909455128205, 0.9670806623931624, 0.9695012019230769, 0.9718215811965812, 0.9745259081196581, 0.9760950854700855, 0.9776308760683761, 0.9772636217948718, 0.9788828792735043, 0.9799679487179487, 0.9806523771367521, 0.9807024572649573, 0.9819711538461539, 0.9816706730769231, 0.9831730769230769, 0.9840578258547008, 0.983840811965812, 0.9839409722222222, 0.9852597489316239, 0.9857104700854701, 0.9853599091880342, 0.985793936965812, 0.9867788461538461, 0.9871461004273504, 0.9868289262820513, 0.9874298878205128, 0.9874632745726496, 0.9877804487179487, 0.9879640758547008, 0.9875133547008547, 0.9878639155982906, 0.9890658386752137, 0.9884648771367521, 0.9884648771367521, 0.9894163995726496, 0.9894497863247863, 0.9887486645299145, 0.9893663194444444, 0.9894497863247863, 0.9901175213675214, 0.9901676014957265, 0.9903679220085471, 0.9896167200854701, 0.9897669604700855, 0.9905348557692307, 0.9904013087606838, 0.9899338942307693, 0.9907518696581197, 0.9907852564102564, 0.9906517094017094, 0.9906183226495726, 0.9920038728632479, 0.9908353365384616, 0.9909021100427351, 0.9915531517094017, 0.9917701655982906, 0.9919370993589743, 0.9916366185897436, 0.9917033920940171, 0.9917534722222222, 0.9908520299145299, 0.9918870192307693, 0.9915698450854701, 0.9917367788461539, 0.9920372596153846, 0.9926048344017094, 0.9927550747863247, 0.9929387019230769, 0.9920205662393162, 0.9913194444444444, 0.9921207264957265, 0.9925547542735043, 0.9926382211538461, 0.9928385416666666, 0.9927049946581197, 0.9928719284188035, 0.993339342948718, 0.9922876602564102, 0.9933727297008547, 0.9933059561965812, 0.9921040331196581, 0.9933059561965812, 0.9936565170940171, 0.9931724091880342, 0.9928719284188035, 0.9936398237179487, 0.9939236111111112, 0.9932224893162394, 0.9930722489316239, 0.9931056356837606, 0.9930722489316239, 0.9934228098290598, 0.9931891025641025, 0.9934228098290598, 0.9930388621794872, 0.9931390224358975, 0.9928552350427351, 0.9940738514957265, 0.9927884615384616, 0.9935730502136753, 0.9937733707264957, 0.9938234508547008, 0.993606436965812, 0.9938234508547008, 0.9933226495726496], "loss_train_trend": [1.1251216381469853, 0.3277176655908553, 0.21588195737403554, 0.16997676671673664, 0.1446432365426937, 0.12018154532366042, 0.1096748779886044, 0.10082002266103195, 0.09232232687869467, 0.08581757391295515, 0.07901746204518913, 0.07408480551621169, 0.0747570727347858, 0.06827763318328951, 0.06716755691025969, 0.0646234484967521, 0.0620915819382102, 0.05793646737310287, 0.05859717098388097, 0.05657909318094433, 0.052369628418993175, 0.05264051425699583, 0.052103260415544014, 0.04924206799913584, 0.04752851408930161, 0.046743696597409755, 0.04668413304071326, 0.04430928598240149, 0.04185635879498749, 0.04340712164462003, 0.04083259315442634, 0.04063809123374054, 0.04046166275066232, 0.03941204104505123, 0.04145653132869701, 0.038959604815831064, 0.0377935493667411, 0.03645952695455307, 0.03762225147492688, 0.03451407465430919, 0.034061330376543915, 0.03629415929993454, 0.03441940207027758, 0.03366687848746839, 0.03163327483562326, 0.03170076996712641, 0.03143161571429857, 0.03302410794917044, 0.03317039838290458, 0.03162877863667388, 0.031761798131507625, 0.03262013307278169, 0.031400835435150896, 0.030332910269100823, 0.030103758341050335, 0.030538021321480587, 0.027386591991158546, 0.029872500058437664, 0.02847784042798718, 0.027993703778753487, 0.02635834194709468, 0.027623042375234635, 0.027412982649032053, 0.02582486599312377, 0.026910147652703234, 0.031043889174764205, 0.02642037089829415, 0.027128655282739732, 0.02702172724402927, 0.026594713292598677, 0.025047691251871645, 0.023660881123161635, 0.023437719593189247, 0.026160290241955993, 0.02642796102543829, 0.027085320612813175, 0.024343276077604222, 0.025160743320903307, 0.024996761372210293, 0.02394636367306446, 0.02309169421945797, 0.02115181570765826, 0.02526475533555547, 0.020495682663353457, 0.023027760130216693, 0.025030423978520965, 0.02121223973536428, 0.021613190933650026, 0.022070360119674955, 0.02341468842768468, 0.02128413221843457, 0.019367151038563745, 0.02172978855797644, 0.020835846502294825, 0.021754193354206662, 0.0231677124783167, 0.02213262993977509, 0.02303811335015127, 0.021383766950515193, 0.02215737026261537, 0.022795647053639047, 0.023348419377072833, 0.0200375331765811, 0.02233924636695333, 0.02153182683870023, 0.020320664136209563, 0.02086816935938508, 0.021303149654944033, 0.020528049998753507, 0.021539086991935588], "acc_test_trend": [0.8198116987179487, 0.9467147435897436, 0.9709535256410257, 0.9657451923076923, 0.9573317307692307, 0.9663461538461539, 0.9457131410256411, 0.9454126602564102, 0.9526241987179487, 0.9629407051282052, 0.9574318910256411, 0.946113782051282, 0.9341947115384616, 0.9375, 0.9542267628205128, 0.9605368589743589, 0.9596354166666666, 0.9619391025641025, 0.9394030448717948, 0.9485176282051282, 0.9462139423076923, 0.9496193910256411, 0.9565304487179487, 0.9633413461538461, 0.9324919871794872, 0.9530248397435898, 0.9698517628205128, 0.9481169871794872, 0.9616386217948718, 0.9685496794871795, 0.9628405448717948, 0.9632411858974359, 0.9696514423076923, 0.9668469551282052, 0.97265625, 0.9621394230769231, 0.9633413461538461, 0.9667467948717948, 0.9552283653846154, 0.9760616987179487, 0.9673477564102564, 0.9555288461538461, 0.9631410256410257, 0.9749599358974359, 0.9704527243589743, 0.9696514423076923, 0.9714543269230769, 0.9516225961538461, 0.9636418269230769, 0.9747596153846154, 0.9672475961538461, 0.9671474358974359, 0.9712540064102564, 0.971854967948718, 0.9678485576923077, 0.9724559294871795, 0.9697516025641025, 0.9708533653846154, 0.9781650641025641, 0.9728565705128205, 0.9750600961538461, 0.9698517628205128, 0.9707532051282052, 0.9758613782051282, 0.9713541666666666, 0.9682491987179487, 0.9710536858974359, 0.9792668269230769, 0.9713541666666666, 0.9670472756410257, 0.9762620192307693, 0.9706530448717948, 0.973457532051282, 0.9717548076923077, 0.96875, 0.9781650641025641, 0.9736578525641025, 0.9741586538461539, 0.9797676282051282, 0.9697516025641025, 0.9744591346153846, 0.9651442307692307, 0.9737580128205128, 0.9742588141025641, 0.9674479166666666, 0.965645032051282, 0.9739583333333334, 0.9670472756410257, 0.9700520833333334, 0.9763621794871795, 0.9748597756410257, 0.9752604166666666, 0.9810697115384616, 0.9758613782051282, 0.9652443910256411, 0.9732572115384616, 0.9748597756410257, 0.9702524038461539, 0.9784655448717948, 0.9727564102564102, 0.9673477564102564, 0.9747596153846154, 0.9777644230769231, 0.9828725961538461, 0.9774639423076923, 0.9769631410256411, 0.9678485576923077, 0.9809695512820513, 0.9816706730769231, 0.969551282051282],